prenom_nom;prenom;nom;region_administrative;regime_coop;formation_prealable;annee_debut;programme;
benjamin_auclair;benjamin;auclair;monteregie;VRAI;technique;H2022;269000;ecologie
gabin_jouen;gabin;jouen;NA;NA;NA;NA;NA;NA
alexis_rompre;alexis;rompre;NA;NA;NA;NA;NA;NA
felix_labbe;felix;labbe;NA;NA;NA;NA;NA;NA
clara_surprenant;clara;surprenant;NA;NA;NA;NA;NA;NA
cloe_tanguay;cloe;tanguay;NA;NA;NA;NA;NA;NA
mathieu_lahaie;mathieu;lahaie;NA;NA;NA;NA;NA;NA
mael_guerin;mael;guerin;NA;NA;NA;NA;NA;NA
guillaume_tardif;guillaume;tardif;estrie;FAUX;technique;A2021;269000;ecologie
erick_vasquez;erick;vasquez;NA;NA;NA;NA;NA;NA
charles_ferland;charles;ferland;estrie;VRAI;NA;NA;NA;NA
denya_berard;denya;berard;NA;NA;NA;NA;NA;NA
roxanne_bernier;roxanne;bernier;NA;NA;NA;NA;NA;NA
catherine_viel_lapointe;catherine;viel_lapointe;NA;NA;NA;NA;NA;NA
cassandra_gobin;cassandra;gobin;NA;NA;NA;NA;NA;NA
elodie_michel;elodie;michel;NA;NA;NA;NA;NA;NA
xavier_quintal;xavier;quintal;NA;NA;NA;NA;NA;NA
louis_philipe_raymond;louis_philippe;raymond;NA;NA;NA;NA;NA;NA
liam_ryan;liam;ryan;NA;NA;NA;NA;NA;NA
julianne_breton;julianne;breton;NA;NA;NA;NA;NA;NA
audrey_ann_jobin;audrey_ann;jobin;NA;NA;NA;NA;NA;NA
elorie_giguere;elorie;giguere;NA;NA;NA;NA;NA;NA
chloe_girard;chloe;girard;estrie;FAUX;technique;A2022;269000;ecologie
thomas_cournoyer;thomas;cournoyer;NA;NA;NA;NA;NA;NA
anthony_brochu;anthony;brochu;NA;NA;NA;NA;NA;NA
jonathan_rondeau_leclaire;jonathan;rondeau_leclaire;NA;NA;NA;NA;NA;NA
emmanuelle_ouellet;emmanuelle;ouellet;NA;NA;NA;NA;NA;NA
anna_burnotte;anna;burnotte;NA;NA;NA;NA;NA;NA
